/*M!999999\- enable the sandbox mode */ 
-- MariaDB dump 10.19  Distrib 10.6.21-MariaDB, for Win64 (AMD64)
--
-- Host: localhost    Database: AptmentWorks
-- ------------------------------------------------------
-- Server version	10.6.21-MariaDB

/*!40101 SET @OLD_CHARACTER_SET_CLIENT=@@CHARACTER_SET_CLIENT */;
/*!40101 SET @OLD_CHARACTER_SET_RESULTS=@@CHARACTER_SET_RESULTS */;
/*!40101 SET @OLD_COLLATION_CONNECTION=@@COLLATION_CONNECTION */;
/*!40101 SET NAMES utf8mb4 */;
/*!40103 SET @OLD_TIME_ZONE=@@TIME_ZONE */;
/*!40103 SET TIME_ZONE='+00:00' */;
/*!40014 SET @OLD_UNIQUE_CHECKS=@@UNIQUE_CHECKS, UNIQUE_CHECKS=0 */;
/*!40014 SET @OLD_FOREIGN_KEY_CHECKS=@@FOREIGN_KEY_CHECKS, FOREIGN_KEY_CHECKS=0 */;
/*!40101 SET @OLD_SQL_MODE=@@SQL_MODE, SQL_MODE='NO_AUTO_VALUE_ON_ZERO' */;
/*!40111 SET @OLD_SQL_NOTES=@@SQL_NOTES, SQL_NOTES=0 */;

--
-- Table structure for table `apartmentname`
--

DROP TABLE IF EXISTS `apartmentname`;
/*!40101 SET @saved_cs_client     = @@character_set_client */;
/*!40101 SET character_set_client = utf8mb4 */;
CREATE TABLE `apartmentname` (
  `PID` int(11) NOT NULL AUTO_INCREMENT,
  `APTName` varchar(255) CHARACTER SET utf8mb4 COLLATE utf8mb4_general_ci DEFAULT NULL,
  PRIMARY KEY (`PID`)
) ENGINE=InnoDB AUTO_INCREMENT=2 DEFAULT CHARSET=latin1 COLLATE=latin1_swedish_ci;
/*!40101 SET character_set_client = @saved_cs_client */;

--
-- Dumping data for table `apartmentname`
--

LOCK TABLES `apartmentname` WRITE;
/*!40000 ALTER TABLE `apartmentname` DISABLE KEYS */;
INSERT INTO `apartmentname` VALUES (1,'테스트');
/*!40000 ALTER TABLE `apartmentname` ENABLE KEYS */;
UNLOCK TABLES;

--
-- Table structure for table `io_parkingrows`
--

DROP TABLE IF EXISTS `io_parkingrows`;
/*!40101 SET @saved_cs_client     = @@character_set_client */;
/*!40101 SET character_set_client = utf8mb4 */;
CREATE TABLE `io_parkingrows` (
  `PID` int(11) NOT NULL AUTO_INCREMENT,
  `IO_GUBUN` int(11) NOT NULL COMMENT '입출차 구분',
  `IO_SEQ` varchar(255) NOT NULL COMMENT '입출차 일련번호',
  `PARK_ID` varchar(255) NOT NULL COMMENT '주차장 ID',
  `CAR_NUM` varchar(255) NOT NULL COMMENT '차량 번호',
  `IO_STATUS_TP` varchar(255) NOT NULL COMMENT '입출 상태',
  `IO_STATUS_TP_NM` varchar(255) NOT NULL COMMENT '입출 상태 명',
  `IO_GATE_ID` varchar(255) NOT NULL COMMENT '입-출차 GATE ID',
  `IO_GATE_NM` varchar(255) NOT NULL COMMENT '입-출차 GATE NM',
  `IO_LINE_NUM` int(11) NOT NULL COMMENT '입-출차 라인번호',
  `IO_DTM` datetime NOT NULL COMMENT '입-출차 일시',
  `IO_LPR_STATUS` varchar(255) DEFAULT NULL COMMENT '입-출차 LPR 상태 ID',
  `IO_LPR_STATUS_NM` varchar(255) DEFAULT NULL COMMENT '입-출차 LPR 상태 명칭',
  `IO_TICKET_TP` varchar(255) NOT NULL COMMENT '입-출차 차량 구분 ID',
  `IO_TICKET_TP_NM` varchar(255) NOT NULL COMMENT '입-출차 차량 구분',
  `DONG` varchar(255) DEFAULT NULL COMMENT '동',
  `HO` varchar(255) DEFAULT NULL COMMENT '호',
  `IS_RESERVATION` varchar(255) DEFAULT NULL COMMENT '예약차량여부',
  `IS_BLACK_LIST` varchar(255) DEFAULT NULL COMMENT '블랙리스트 여부',
  `BLACK_LIST_REASON` varchar(255) DEFAULT NULL COMMENT '블랙리스트 사유',
  `REG_DTM` varchar(255) DEFAULT NULL COMMENT '블랙리스트 등록 일시',
  `IMG_PATH` varchar(255) NOT NULL COMMENT '이미지 경로',
  `IS_WAIT` varchar(255) DEFAULT NULL COMMENT '(입차전용) 해당차량을 입차처리할건지 대기할건지',
  `IS_WAIT_REASON` varchar(255) DEFAULT NULL COMMENT '(입차전용) 대기 걸린 차량의 이유',
  `PARK_DURATION` int(11) DEFAULT NULL COMMENT '주차시간',
  `VISIT_TIME` int(11) DEFAULT NULL COMMENT '방문 시간 (방문포인트 사용 시간)',
  `ETC` varchar(255) DEFAULT NULL COMMENT '예약 차량의 경우',
  `CREATE_DT` datetime NOT NULL DEFAULT current_timestamp() COMMENT '시스템 생성 일자',
  `MEMO` varchar(255) DEFAULT NULL,
  PRIMARY KEY (`PID`) USING BTREE
) ENGINE=InnoDB AUTO_INCREMENT=147 DEFAULT CHARSET=utf8mb4 COLLATE=utf8mb4_general_ci COMMENT='더함비즈 API_입출차 기록 테이블';
/*!40101 SET character_set_client = @saved_cs_client */;

--
-- Dumping data for table `io_parkingrows`
--

LOCK TABLES `io_parkingrows` WRITE;
/*!40000 ALTER TABLE `io_parkingrows` DISABLE KEYS */;
INSERT INTO `io_parkingrows` VALUES (64,0,'P2177010120240613082249851','2177','44거1010','20','출차','1','정문',2,'2025-03-19 05:38:07','0','','2','방문차량','101','1001','0','0','','','http://thehambizp0002.iptime.org:8000/image/2025\\02\\28\\102\\20250228100533_228오1005.jpg',NULL,NULL,36,36,'','2025-03-18 08:20:01',NULL),(65,1,'P2177010120240613082249851','2177','43가1414','10','입차','1','정문',1,'2024-06-13 05:38:07','0','','2','예약차량','101','1001','1','0','','','http://thehambizp0002.iptime.org:8000/image/2025\\02\\28\\102\\20250228100533_228오1005.jpg','0','',NULL,NULL,'친구방문','2025-03-18 13:19:56',NULL),(66,1,'P2177010120240613082249851','2177','12가1234','10','입차','1','정문',1,'2024-06-13 05:38:07','0','','2','방문차량','101','1001','0','1','허위차량','2024-06-13 05:38:07','http://thehambizp0002.iptime.org:8000/image/2025\\02\\28\\102\\20250228100533_228오1005.jpg','0','',NULL,NULL,'','2025-03-18 13:19:56',NULL),(67,1,'P2177010120240613082249851','2177','12가1234','10','입차','1','정문',1,'2024-06-13 05:38:07','0','','6','정기차량','101','1001','0','0','','','http://thehambizp0002.iptime.org:8000/image/2025\\02\\28\\102\\20250228100533_228오1005.jpg','0','',NULL,NULL,'','2025-03-18 13:19:57',NULL),(68,1,'P2177010120240613082249851','2177','33마3434','10','입차','1','정문',1,'2024-06-13 05:38:07','0','','2','방문차량','101','1001','0','0','','','http://thehambizp0002.iptime.org:8000/image/2025\\02\\28\\102\\20250228100533_228오1005.jpg','0','',NULL,NULL,'','2025-03-18 13:19:58',NULL),(69,1,'P2177010120240613082249851','2177','33마3434','10','입차','1','정문',1,'2024-06-13 05:38:07','0','','2','방문차량','101','1001','0','0','','','http://thehambizp0002.iptime.org:8000/image/2025\\02\\28\\102\\20250228100533_228오1005.jpg','0','',NULL,NULL,'','2025-03-18 13:46:55',NULL),(70,0,'P2177010120240613082249851','2177','44거1010','20','출차','1','정문',2,'2025-03-19 05:38:07','0','','2','방문차량','101','1001','0','0','','','http://thehambizp0002.iptime.org:8000/image/2025\\02\\28\\102\\20250228100533_228오1005.jpg',NULL,NULL,36,36,'','2025-03-18 13:46:58',NULL),(71,1,'P2177010120240613082249851','2177','44거1010','10','입차','1','정문',1,'2024-06-13 05:38:07','0','정상','2','방문차량','101','1001','0','0','','2024-06-13 05:38:07','http://thehambizp0002.iptime.org:8000/image/2025\\02\\28\\102\\20250228100533_228오1005.jpg','0','',NULL,NULL,'예약 없음','2025-03-24 15:47:09',NULL),(72,1,'P2177010120240613082249852','2177','44거1010','10','입차','1','정문',1,'2024-06-13 05:38:07','0','정상','2','방문차량','101','1001','0','0','','2024-06-13 05:38:07','http://thehambizp0002.iptime.org:8000/image/2025\\02\\28\\102\\20250228100533_228오1005.jpg','0','',NULL,NULL,'예약 없음','2025-03-24 15:47:20',NULL),(73,1,'P2177010120240613082249852','2177','44거1010','20','출차','1','정문',1,'2024-06-13 05:38:07','0','정상','2','방문차량','101','1001','0','0','','2024-06-13 05:38:07','http://thehambizp0002.iptime.org:8000/image/2025\\02\\28\\102\\20250228100533_228오1005.jpg','0','',NULL,NULL,'예약 없음','2025-03-24 15:47:28',NULL),(74,1,'P2177010120240613082249853','2177','44거1010','10','입차','1','정문',1,'2024-06-13 05:38:07','0','정상','2','방문차량','101','1001','0','0','','2024-06-13 05:38:07','http://thehambizp0002.iptime.org:8000/image/2025\\02\\28\\102\\20250228100533_228오1005.jpg','0','',NULL,NULL,'예약 없음','2025-03-24 15:48:08',NULL),(75,1,'P2177010120240613082249853','2177','44거1010','20','출차','1','정문',1,'2024-06-13 05:38:07','0','정상','2','방문차량','101','1001','0','0','','2024-06-13 05:38:07','http://thehambizp0002.iptime.org:8000/image/2025\\02\\28\\102\\20250228100533_228오1005.jpg','0','',NULL,NULL,'예약 없음','2025-03-24 15:48:19',NULL),(76,0,'P2177010120240613082249853','2177','44거1010','20','출차','2','후문',1,'2024-06-13 14:00:00','0','정상','2','방문차량','101','1001','0','0','','2024-06-13 14:00:00','http://thehambizp0002.iptime.org:8000/image/2025\\02\\28\\102\\20250228100533_228오1005.jpg',NULL,NULL,30,5,'예약 없음','2025-03-24 15:50:45',NULL),(77,1,'P2177010120240613082249854','2177','44거1010','10','입차','1','정문',1,'2024-06-13 05:38:07','0','정상','2','방문차량','101','1001','0','0','','2024-06-13 05:38:07','http://thehambizp0002.iptime.org:8000/image/2025\\02\\28\\102\\20250228100533_228오1005.jpg','0','',NULL,NULL,'예약 없음','2025-03-24 15:51:30',NULL),(78,0,'P2177010120240613082249854','2177','44거1010','20','출차','2','후문',1,'2024-06-13 14:00:00','0','정상','2','방문차량','101','1001','0','0','','2024-06-13 14:00:00','http://thehambizp0002.iptime.org:8000/image/2025\\02\\28\\102\\20250228100533_228오1005.jpg',NULL,NULL,30,5,'예약 없음','2025-03-24 15:52:14',NULL),(79,1,'P2177010120240613082249855','2177','44거1010','10','입차','1','정문',1,'2024-06-13 05:38:07','0','정상','2','방문차량','101','1001','0','0','','2024-06-13 05:38:07','http://thehambizp0002.iptime.org:8000/image/2025\\02\\28\\102\\20250228100533_228오1005.jpg','0','',NULL,NULL,'예약 없음','2025-03-24 15:52:31',NULL),(80,0,'P2177010120240613082249855','2177','44거1010','20','출차','2','후문',1,'2024-06-13 14:00:00','0','정상','2','방문차량','101','1001','0','0','','2024-06-13 14:00:00','http://thehambizp0002.iptime.org:8000/image/2025\\02\\28\\102\\20250228100533_228오1005.jpg',NULL,NULL,30,5,'예약 없음','2025-03-24 15:52:35',NULL),(81,1,'P2177010120240613082249856','2177','44거1010','10','입차','1','정문',1,'2024-06-13 05:38:07','0','정상','2','방문차량','101','1001','0','0','','2024-06-13 05:38:07','http://thehambizp0002.iptime.org:8000/image/2025\\02\\28\\102\\20250228100533_228오1005.jpg','0','',NULL,NULL,'예약 없음','2025-03-24 15:52:41',NULL),(82,0,'P2177010120240613082249856','2177','44거1010','20','출차','2','후문',1,'2024-06-13 14:00:00','0','정상','2','방문차량','101','1001','0','0','','2024-06-13 14:00:00','http://thehambizp0002.iptime.org:8000/image/2025\\02\\28\\102\\20250228100533_228오1005.jpg',NULL,NULL,30,5,'예약 없음','2025-03-24 15:52:45',NULL),(83,1,'P2177010120240613082249857','2177','44거1010','10','입차','1','정문',1,'2024-06-13 05:38:07','0','정상','2','방문차량','101','1001','0','0','','2024-06-13 05:38:07','http://thehambizp0002.iptime.org:8000/image/2025\\02\\28\\102\\20250228100533_228오1005.jpg','0','',NULL,NULL,'예약 없음','2025-03-24 15:52:50',NULL),(84,0,'P2177010120240613082249857','2177','44거1010','20','출차','2','후문',1,'2024-06-13 14:00:00','0','정상','2','방문차량','101','1001','0','0','','2024-06-13 14:00:00','http://thehambizp0002.iptime.org:8000/image/2025\\02\\28\\102\\20250228100533_228오1005.jpg',NULL,NULL,30,5,'예약 없음','2025-03-24 15:52:53',NULL),(85,1,'P2177010120240613082249858','2177','44거1010','10','입차','1','정문',1,'2024-06-13 05:38:07','0','정상','2','방문차량','101','1001','0','0','','2024-06-13 05:38:07','http://thehambizp0002.iptime.org:8000/image/2025\\02\\28\\102\\20250228100533_228오1005.jpg','0','',NULL,NULL,'예약 없음','2025-03-24 15:52:57',NULL),(86,0,'P2177010120240613082249858','2177','44거1010','20','출차','2','후문',1,'2024-06-13 14:00:00','0','정상','2','방문차량','101','1001','0','0','','2024-06-13 14:00:00','http://thehambizp0002.iptime.org:8000/image/2025\\02\\28\\102\\20250228100533_228오1005.jpg',NULL,NULL,30,5,'예약 없음','2025-03-24 15:53:00',NULL),(87,1,'P2177010120240613082249859','2177','44거1010','10','입차','1','정문',1,'2024-06-13 05:38:07','0','정상','2','방문차량','101','1001','0','0','','2024-06-13 05:38:07','http://thehambizp0002.iptime.org:8000/image/2025\\02\\28\\102\\20250228100533_228오1005.jpg','0','',NULL,NULL,'예약 없음','2025-03-24 15:53:04',NULL),(88,0,'P2177010120240613082249859','2177','44거1010','20','출차','2','후문',1,'2024-06-13 14:00:00','0','정상','2','방문차량','101','1001','0','0','','2024-06-13 14:00:00','http://thehambizp0002.iptime.org:8000/image/2025\\02\\28\\102\\20250228100533_228오1005.jpg',NULL,NULL,30,5,'예약 없음','2025-03-24 15:53:07',NULL),(89,1,'P2177010120240613082249860','2177','44거1010','10','입차','1','정문',1,'2024-06-13 05:38:07','0','정상','2','방문차량','101','1001','0','0','','2024-06-13 05:38:07','http://thehambizp0002.iptime.org:8000/image/2025\\02\\28\\102\\20250228100533_228오1005.jpg','0','',NULL,NULL,'예약 없음','2025-03-24 15:53:11',NULL),(90,0,'P2177010120240613082249860','2177','44거1010','20','출차','2','후문',1,'2024-06-13 14:00:00','0','정상','2','방문차량','101','1001','0','0','','2024-06-13 14:00:00','http://thehambizp0002.iptime.org:8000/image/2025\\02\\28\\102\\20250228100533_228오1005.jpg',NULL,NULL,30,5,'예약 없음','2025-03-24 15:53:15',NULL),(91,1,'P2177010120240613082249861','2177','44거1010','10','입차','1','정문',1,'2024-06-13 05:38:07','0','정상','2','방문차량','101','1001','0','0','','2024-06-13 05:38:07','http://thehambizp0002.iptime.org:8000/image/2025\\02\\28\\102\\20250228100533_228오1005.jpg','0','',NULL,NULL,'예약 없음','2025-03-24 15:53:23',NULL),(92,1,'P2177010120240613082249862','2177','44거1010','10','입차','1','정문',1,'2024-06-13 05:38:07','0','정상','2','방문차량','101','1001','0','0','','2024-06-13 05:38:07','http://thehambizp0002.iptime.org:8000/image/2025\\02\\28\\102\\20250228100533_228오1005.jpg','0','',NULL,NULL,'예약 없음','2025-03-24 15:53:25',NULL),(93,1,'P2177010120240613082249863','2177','44거1010','10','입차','1','정문',1,'2024-06-13 05:38:07','0','정상','2','방문차량','101','1001','0','0','','2024-06-13 05:38:07','http://thehambizp0002.iptime.org:8000/image/2025\\02\\28\\102\\20250228100533_228오1005.jpg','0','',NULL,NULL,'예약 없음','2025-03-24 15:53:28',NULL),(94,1,'P2177010120240613082249864','2177','44거1010','10','입차','1','정문',1,'2024-06-13 05:38:07','0','정상','2','방문차량','101','1001','0','0','','2024-06-13 05:38:07','http://thehambizp0002.iptime.org:8000/image/2025\\02\\28\\102\\20250228100533_228오1005.jpg','0','',NULL,NULL,'예약 없음','2025-03-24 15:53:32',NULL),(95,0,'P2177010120240613082249864','2177','44거1010','20','출차','2','후문',1,'2024-06-13 14:00:00','0','정상','2','방문차량','101','1001','0','0','','2024-06-13 14:00:00','http://thehambizp0002.iptime.org:8000/image/2025\\02\\28\\102\\20250228100533_228오1005.jpg',NULL,NULL,30,5,'예약 없음','2025-03-24 15:53:35',NULL),(96,1,'P2177010120240613082249865','2177','44거1010','10','입차','1','정문',1,'2024-06-13 05:38:07','0','정상','2','방문차량','101','1001','0','0','','2024-06-13 05:38:07','http://thehambizp0002.iptime.org:8000/image/2025\\02\\28\\102\\20250228100533_228오1005.jpg','0','',NULL,NULL,'예약 없음','2025-03-24 15:53:53',NULL),(97,0,'P2177010120240613082249865','2177','44거1010','20','출차','2','후문',1,'2024-06-13 14:00:00','0','정상','2','방문차량','101','1001','0','0','','2024-06-13 14:00:00','http://thehambizp0002.iptime.org:8000/image/2025\\02\\28\\102\\20250228100533_228오1005.jpg',NULL,NULL,30,5,'예약 없음','2025-03-24 15:53:56',NULL),(98,1,'P2177010120240613082249866','2177','44거1010','10','입차','1','정문',1,'2024-06-13 05:38:07','0','정상','2','방문차량','101','1001','0','0','','2024-06-13 05:38:07','http://thehambizp0002.iptime.org:8000/image/2025\\02\\28\\102\\20250228100533_228오1005.jpg','0','',NULL,NULL,'예약 없음','2025-03-24 15:54:01',NULL),(99,1,'P2177010120240613082249867','2177','44거1010','10','입차','1','정문',1,'2024-06-13 05:38:07','0','정상','2','방문차량','101','1001','0','0','','2024-06-13 05:38:07','http://thehambizp0002.iptime.org:8000/image/2025\\02\\28\\102\\20250228100533_228오1005.jpg','0','',NULL,NULL,'예약 없음','2025-03-24 15:54:04',NULL),(100,0,'P2177010120240613082249867','2177','44거1010','20','출차','2','후문',1,'2024-06-13 14:00:00','0','정상','2','방문차량','101','1001','0','0','','2024-06-13 14:00:00','http://thehambizp0002.iptime.org:8000/image/2025\\02\\28\\102\\20250228100533_228오1005.jpg',NULL,NULL,30,5,'예약 없음','2025-03-24 15:54:08',NULL),(101,1,'P2177010120240613082249868','2177','44거1010','10','입차','1','정문',1,'2024-06-13 05:38:07','0','정상','2','방문차량','101','1001','0','0','','2024-06-13 05:38:07','http://thehambizp0002.iptime.org:8000/image/2025\\02\\28\\102\\20250228100533_228오1005.jpg','0','',NULL,NULL,'예약 없음','2025-03-24 15:54:11',NULL),(102,0,'P2177010120240613082249868','2177','44거1010','20','출차','2','후문',1,'2024-06-13 14:00:00','0','정상','2','방문차량','101','1001','0','0','','2024-06-13 14:00:00','http://thehambizp0002.iptime.org:8000/image/2025\\02\\28\\102\\20250228100533_228오1005.jpg',NULL,NULL,30,5,'예약 없음','2025-03-24 15:54:14',NULL),(103,1,'P2177010120240613082249869','2177','44거1010','10','입차','1','정문',1,'2024-06-13 05:38:07','0','정상','2','방문차량','101','1001','0','0','','2024-06-13 05:38:07','http://thehambizp0002.iptime.org:8000/image/2025\\02\\28\\102\\20250228100533_228오1005.jpg','0','',NULL,NULL,'예약 없음','2025-03-24 15:54:17',NULL),(104,0,'P2177010120240613082249869','2177','44거1010','20','출차','2','후문',1,'2024-06-13 14:00:00','0','정상','2','방문차량','101','1001','0','0','','2024-06-13 14:00:00','http://thehambizp0002.iptime.org:8000/image/2025\\02\\28\\102\\20250228100533_228오1005.jpg',NULL,NULL,30,5,'예약 없음','2025-03-24 15:54:20',NULL),(105,1,'P2177010120240613082249870','2177','44거1010','10','입차','1','정문',1,'2024-06-13 05:38:07','0','정상','2','방문차량','101','1001','0','0','','2024-06-13 05:38:07','http://thehambizp0002.iptime.org:8000/image/2025\\02\\28\\102\\20250228100533_228오1005.jpg','0','',NULL,NULL,'예약 없음','2025-03-24 15:54:31',NULL),(106,0,'P2177010120240613082249870','2177','44거1010','20','출차','2','후문',1,'2024-06-13 14:00:00','0','정상','2','방문차량','101','1001','0','0','','2024-06-13 14:00:00','http://thehambizp0002.iptime.org:8000/image/2025\\02\\28\\102\\20250228100533_228오1005.jpg',NULL,NULL,30,5,'예약 없음','2025-03-24 15:54:35',NULL),(107,1,'P2177010120240613082249871','2177','44거1010','10','입차','1','정문',1,'2024-06-13 05:38:07','0','정상','2','방문차량','101','1001','0','0','','2024-06-13 05:38:07','http://thehambizp0002.iptime.org:8000/image/2025\\02\\28\\102\\20250228100533_228오1005.jpg','0','',NULL,NULL,'예약 없음','2025-03-24 15:54:39',NULL),(108,0,'P2177010120240613082249871','2177','44거1010','20','출차','2','후문',1,'2024-06-13 14:00:00','0','정상','2','방문차량','101','1001','0','0','','2024-06-13 14:00:00','http://thehambizp0002.iptime.org:8000/image/2025\\02\\28\\102\\20250228100533_228오1005.jpg',NULL,NULL,30,5,'예약 없음','2025-03-24 15:54:42',NULL),(109,1,'P2177010120240613082249872','2177','44거1010','10','입차','1','정문',1,'2024-06-13 05:38:07','0','정상','2','방문차량','101','1001','0','0','','2024-06-13 05:38:07','http://thehambizp0002.iptime.org:8000/image/2025\\02\\28\\102\\20250228100533_228오1005.jpg','0','',NULL,NULL,'예약 없음','2025-03-24 15:54:54',NULL),(110,0,'P2177010120240613082249872','2177','44거1010','20','출차','2','후문',1,'2024-06-13 14:00:00','0','정상','2','방문차량','101','1001','0','0','','2024-06-13 14:00:00','http://thehambizp0002.iptime.org:8000/image/2025\\02\\28\\102\\20250228100533_228오1005.jpg',NULL,NULL,30,5,'예약 없음','2025-03-24 15:54:57',NULL),(111,1,'P2177010120240613082249872','2177','44거1010','10','입차','1','정문',1,'2024-06-13 05:38:07','0','정상','2','방문차량','101','1001','0','0','','2024-06-13 05:38:07','http://thehambizp0002.iptime.org:8000/image/2025\\02\\28\\102\\20250228100533_228오1005.jpg','0','',NULL,NULL,'예약 없음','2025-03-24 15:55:10',NULL),(112,1,'P2177010120240613082249873','2177','44거1010','10','입차','1','정문',1,'2024-06-13 05:38:07','0','정상','2','방문차량','101','1001','0','0','','2024-06-13 05:38:07','http://thehambizp0002.iptime.org:8000/image/2025\\02\\28\\102\\20250228100533_228오1005.jpg','0','',NULL,NULL,'예약 없음','2025-03-24 15:55:13',NULL),(113,1,'P2177010120240613082249874','2177','44거1010','10','입차','1','정문',1,'2024-06-13 05:38:07','0','정상','2','방문차량','101','1001','0','0','','2024-06-13 05:38:07','http://thehambizp0002.iptime.org:8000/image/2025\\02\\28\\102\\20250228100533_228오1005.jpg','0','',NULL,NULL,'예약 없음','2025-03-24 15:55:15',NULL),(114,0,'P2177010120240613082249874','2177','44거1010','20','출차','2','후문',1,'2024-06-13 14:00:00','0','정상','2','방문차량','101','1001','0','0','','2024-06-13 14:00:00','http://thehambizp0002.iptime.org:8000/image/2025\\02\\28\\102\\20250228100533_228오1005.jpg',NULL,NULL,30,5,'예약 없음','2025-03-24 15:55:18',NULL),(115,1,'P2177010120240613082249875','2177','44거1010','10','입차','1','정문',1,'2024-06-13 05:38:07','0','정상','2','방문차량','101','1001','0','0','','2024-06-13 05:38:07','http://thehambizp0002.iptime.org:8000/image/2025\\02\\28\\102\\20250228100533_228오1005.jpg','0','',NULL,NULL,'예약 없음','2025-03-24 15:55:21',NULL),(116,0,'P2177010120240613082249875','2177','44거1010','20','출차','2','후문',1,'2024-06-13 14:00:00','0','정상','2','방문차량','101','1001','0','0','','2024-06-13 14:00:00','http://thehambizp0002.iptime.org:8000/image/2025\\02\\28\\102\\20250228100533_228오1005.jpg',NULL,NULL,30,5,'예약 없음','2025-03-24 15:55:24',NULL),(117,1,'P2177010120240613082249876','2177','44거1010','10','입차','1','정문',1,'2024-06-13 05:38:07','0','정상','2','방문차량','101','1001','0','0','','2024-06-13 05:38:07','http://thehambizp0002.iptime.org:8000/image/2025\\02\\28\\102\\20250228100533_228오1005.jpg','0','',NULL,NULL,'예약 없음','2025-03-24 15:55:28',NULL),(118,0,'P2177010120240613082249876','2177','44거1010','20','출차','2','후문',1,'2024-06-13 14:00:00','0','정상','2','방문차량','101','1001','0','0','','2024-06-13 14:00:00','http://thehambizp0002.iptime.org:8000/image/2025\\02\\28\\102\\20250228100533_228오1005.jpg',NULL,NULL,30,5,'예약 없음','2025-03-24 15:55:31',NULL),(119,1,'P2177010120240613082249877','2177','44거1010','10','입차','1','정문',1,'2024-06-13 05:38:07','0','정상','2','방문차량','101','1001','0','0','','2024-06-13 05:38:07','http://thehambizp0002.iptime.org:8000/image/2025\\02\\28\\102\\20250228100533_228오1005.jpg','0','',NULL,NULL,'예약 없음','2025-03-24 16:11:45',NULL),(120,1,'P2177010120240613082249878','2177','44거1010','10','입차','1','정문',1,'2024-06-13 05:38:07','0','정상','2','방문차량','101','1001','0','0','','2024-06-13 05:38:07','http://thehambizp0002.iptime.org:8000/image/2025\\02\\28\\102\\20250228100533_228오1005.jpg','0','',NULL,NULL,'예약 없음','2025-03-24 16:12:39',NULL),(121,1,'P2177010120240613082249879','2177','44거1010','10','입차','1','정문',1,'2024-06-13 05:38:07','0','정상','2','방문차량','101','1001','0','0','','2024-06-13 05:38:07','http://thehambizp0002.iptime.org:8000/image/2025\\02\\28\\102\\20250228100533_228오1005.jpg','0','',NULL,NULL,'예약 없음','2025-03-24 16:12:41',NULL),(122,1,'P2177010120240613082249880','2177','44거1010','10','입차','1','정문',1,'2024-06-13 05:38:07','0','정상','2','방문차량','101','1001','0','0','','2024-06-13 05:38:07','http://thehambizp0002.iptime.org:8000/image/2025\\02\\28\\102\\20250228100533_228오1005.jpg','0','',NULL,NULL,'예약 없음','2025-03-24 16:12:44',NULL),(123,1,'P2177010120240613082249881','2177','44거1010','10','입차','1','정문',1,'2024-06-13 05:38:07','0','정상','2','방문차량','101','1001','0','0','','2024-06-13 05:38:07','http://thehambizp0002.iptime.org:8000/image/2025\\02\\28\\102\\20250228100533_228오1005.jpg','0','',NULL,NULL,'예약 없음','2025-03-24 16:12:46',NULL),(124,1,'P2177010120240613082249882','2177','44거1010','10','입차','1','정문',1,'2024-06-13 05:38:07','0','정상','2','방문차량','101','1001','0','0','','2024-06-13 05:38:07','http://thehambizp0002.iptime.org:8000/image/2025\\02\\28\\102\\20250228100533_228오1005.jpg','0','',NULL,NULL,'예약 없음','2025-03-24 16:12:49',NULL),(125,1,'P2177010120240613082249883','2177','44거1010','10','입차','1','정문',1,'2024-06-13 05:38:07','0','정상','2','방문차량','101','1001','0','0','','2024-06-13 05:38:07','http://thehambizp0002.iptime.org:8000/image/2025\\02\\28\\102\\20250228100533_228오1005.jpg','0','',NULL,NULL,'예약 없음','2025-03-24 16:12:51',NULL),(126,0,'P2177010120240613082249883','2177','44거1010','20','출차','2','후문',1,'2024-06-13 14:00:00','0','정상','2','방문차량','101','1001','0','0','','2024-06-13 14:00:00','http://thehambizp0002.iptime.org:8000/image/2025\\02\\28\\102\\20250228100533_228오1005.jpg',NULL,NULL,30,5,'예약 없음','2025-03-24 16:13:13',NULL),(127,1,'P2177010120240613082249884','2177','44거1010','10','입차','1','정문',1,'2024-06-13 05:38:07','0','정상','2','방문차량','101','1001','0','0','','2024-06-13 05:38:07','http://thehambizp0002.iptime.org:8000/image/2025\\02\\28\\102\\20250228100533_228오1005.jpg','0','',NULL,NULL,'예약 없음','2025-03-24 16:13:20',NULL),(128,0,'P2177010120240613082249884','2177','44거1010','20','출차','2','후문',1,'2024-06-13 14:00:00','0','정상','2','방문차량','101','1001','0','0','','2024-06-13 14:00:00','http://thehambizp0002.iptime.org:8000/image/2025\\02\\28\\102\\20250228100533_228오1005.jpg',NULL,NULL,30,5,'예약 없음','2025-03-24 16:13:23',NULL),(129,1,'P2177010120240613082249885','2177','44거1010','10','입차','1','정문',1,'2024-06-13 05:38:07','0','정상','2','방문차량','101','1001','0','0','','2024-06-13 05:38:07','http://thehambizp0002.iptime.org:8000/image/2025\\02\\28\\102\\20250228100533_228오1005.jpg','0','',NULL,NULL,'예약 없음','2025-03-24 16:13:26',NULL),(130,1,'P2177010120240613082249886','2177','44거1010','10','입차','1','정문',1,'2024-06-13 05:38:07','0','정상','2','방문차량','101','1001','0','0','','2024-06-13 05:38:07','http://thehambizp0002.iptime.org:8000/image/2025\\02\\28\\102\\20250228100533_228오1005.jpg','0','',NULL,NULL,'예약 없음','2025-03-24 16:13:28',NULL),(131,1,'P2177010120240613082249887','2177','44거1010','10','입차','1','정문',1,'2024-06-13 05:38:07','0','정상','2','방문차량','101','1001','0','0','','2024-06-13 05:38:07','http://thehambizp0002.iptime.org:8000/image/2025\\02\\28\\102\\20250228100533_228오1005.jpg','0','',NULL,NULL,'예약 없음','2025-03-24 16:13:31',NULL),(132,1,'P2177010120240613082249888','2177','44거1010','10','입차','1','정문',1,'2024-06-13 05:38:07','0','정상','2','방문차량','101','1001','0','0','','2024-06-13 05:38:07','http://thehambizp0002.iptime.org:8000/image/2025\\02\\28\\102\\20250228100533_228오1005.jpg','0','',NULL,NULL,'예약 없음','2025-03-24 16:13:33',NULL),(133,1,'P2177010120240613082249889','2177','44거1010','10','입차','1','정문',1,'2024-06-13 05:38:07','0','정상','2','방문차량','101','1001','0','0','','2024-06-13 05:38:07','http://thehambizp0002.iptime.org:8000/image/2025\\02\\28\\102\\20250228100533_228오1005.jpg','0','',NULL,NULL,'예약 없음','2025-03-24 16:13:35',NULL),(134,1,'P2177010120240613082249890','2177','44거1010','10','입차','1','정문',1,'2024-06-13 05:38:07','0','정상','2','방문차량','101','1001','0','0','','2024-06-13 05:38:07','http://thehambizp0002.iptime.org:8000/image/2025\\02\\28\\102\\20250228100533_228오1005.jpg','0','',NULL,NULL,'예약 없음','2025-03-24 16:40:05',NULL),(135,1,'P2177010120240613082249891','2177','44거1010','10','입차','1','정문',1,'2024-06-13 05:38:07','0','정상','2','방문차량','101','1001','0','0','','2024-06-13 05:38:07','http://thehambizp0002.iptime.org:8000/image/2025\\02\\28\\102\\20250228100533_228오1005.jpg','0','',NULL,NULL,'예약 없음','2025-03-24 16:40:09',NULL),(136,1,'P2177010120240613082249892','2177','44거1010','10','입차','1','정문',1,'2024-06-13 05:38:07','0','정상','2','방문차량','101','1001','0','0','','2024-06-13 05:38:07','http://thehambizp0002.iptime.org:8000/image/2025\\02\\28\\102\\20250228100533_228오1005.jpg','0','',NULL,NULL,'예약 없음','2025-03-24 16:40:12',NULL),(137,1,'P2177010120240613082249893','2177','44거1010','10','입차','1','정문',1,'2024-06-13 05:38:07','0','정상','2','방문차량','101','1001','0','0','','2024-06-13 05:38:07','http://thehambizp0002.iptime.org:8000/image/2025\\02\\28\\102\\20250228100533_228오1005.jpg','0','',NULL,NULL,'예약 없음','2025-03-24 16:40:15',NULL),(138,0,'P2177010120240613082249893','2177','44거1010','20','출차','2','후문',1,'2024-06-13 14:00:00','0','정상','2','방문차량','101','1001','0','0','','2024-06-13 14:00:00','http://thehambizp0002.iptime.org:8000/image/2025\\02\\28\\102\\20250228100533_228오1005.jpg',NULL,NULL,30,5,'예약 없음','2025-03-24 16:40:20',NULL),(139,1,'P2177010120240613082249894','2177','44거1010','10','입차','1','정문',1,'2024-06-13 05:38:07','0','정상','2','방문차량','101','1001','0','0','','2024-06-13 05:38:07','http://thehambizp0002.iptime.org:8000/image/2025\\02\\28\\102\\20250228100533_228오1005.jpg','0','',NULL,NULL,'예약 없음','2025-03-24 16:40:25',NULL),(140,0,'P2177010120240613082249894','2177','44거1010','20','출차','2','후문',1,'2024-06-13 14:00:00','0','정상','2','방문차량','101','1001','0','0','','2024-06-13 14:00:00','http://thehambizp0002.iptime.org:8000/image/2025\\02\\28\\102\\20250228100533_228오1005.jpg',NULL,NULL,30,5,'예약 없음','2025-03-24 16:40:29',NULL),(141,1,'P2177010120240613082249895','2177','44거1010','10','입차','1','정문',1,'2024-06-13 05:38:07','0','정상','2','방문차량','101','1001','0','0','','2024-06-13 05:38:07','http://thehambizp0002.iptime.org:8000/image/2025\\02\\28\\102\\20250228100533_228오1005.jpg','0','',NULL,NULL,'예약 없음','2025-03-24 16:40:33',NULL),(142,0,'P2177010120240613082249895','2177','44거1010','20','출차','2','후문',1,'2024-06-13 14:00:00','0','정상','2','방문차량','101','1001','0','0','','2024-06-13 14:00:00','http://thehambizp0002.iptime.org:8000/image/2025\\02\\28\\102\\20250228100533_228오1005.jpg',NULL,NULL,30,5,'예약 없음','2025-03-24 16:40:38',NULL),(143,1,'P2177010120240613082249896','2177','44거1010','10','입차','1','정문',1,'2024-06-13 05:38:07','0','정상','2','방문차량','101','1001','0','0','','2024-06-13 05:38:07','http://thehambizp0002.iptime.org:8000/image/2025\\02\\28\\102\\20250228100533_228오1005.jpg','0','',NULL,NULL,'예약 없음','2025-03-24 16:40:41',NULL),(144,1,'P2177010120240613082249897','2177','44거1010','10','입차','1','정문',1,'2024-06-13 05:38:07','0','정상','2','방문차량','101','1001','0','0','','2024-06-13 05:38:07','http://thehambizp0002.iptime.org:8000/image/2025\\02\\28\\102\\20250228100533_228오1005.jpg','0','',NULL,NULL,'예약 없음','2025-03-24 16:40:44',NULL),(145,1,'P2177010120240613082249898','2177','44거1010','10','입차','1','정문',1,'2024-06-13 05:38:07','0','정상','2','방문차량','101','1001','0','0','','2024-06-13 05:38:07','http://thehambizp0002.iptime.org:8000/image/2025\\02\\28\\102\\20250228100533_228오1005.jpg','0','',NULL,NULL,'예약 없음','2025-03-24 16:40:47',NULL),(146,1,'P2177010120240613082249899','2177','44거1010','10','입차','1','정문',1,'2024-06-13 05:38:07','0','정상','2','방문차량','101','1001','0','0','','2024-06-13 05:38:07','http://thehambizp0002.iptime.org:8000/image/2025\\02\\28\\102\\20250228100533_228오1005.jpg','0','',NULL,NULL,'예약 없음','2025-03-24 16:40:50',NULL);
/*!40000 ALTER TABLE `io_parkingrows` ENABLE KEYS */;
UNLOCK TABLES;

--
-- Table structure for table `io_parkingviewtb`
--

DROP TABLE IF EXISTS `io_parkingviewtb`;
/*!40101 SET @saved_cs_client     = @@character_set_client */;
/*!40101 SET character_set_client = utf8mb4 */;
CREATE TABLE `io_parkingviewtb` (
  `PID` int(11) NOT NULL AUTO_INCREMENT,
  `IO_SEQ` varchar(255) NOT NULL COMMENT '입출차 일련번호',
  `IN_STATUS_TP` varchar(255) NOT NULL COMMENT '입출 상태',
  `IN_STATUS_TP_NM` varchar(255) NOT NULL COMMENT '입출 상태 명',
  `IN_PID` int(11) DEFAULT NULL COMMENT '최종입차_PID',
  `IN_DTM` datetime DEFAULT NULL COMMENT '최종입차_DT',
  `OUT_PID` int(11) DEFAULT NULL COMMENT '최종출차_PID',
  `OUT_DTM` datetime DEFAULT NULL COMMENT '최종출차_DT',
  `CAR_NUM` varchar(255) DEFAULT NULL COMMENT '차량번호',
  `IO_TICKET_TP` varchar(255) DEFAULT NULL COMMENT '입-출차 차량 구분 ID',
  `IO_TICKET_TP_NM` varchar(255) DEFAULT NULL COMMENT '입-출차 차량 구분 명',
  `DONG` varchar(255) DEFAULT NULL COMMENT '동',
  `HO` varchar(255) DEFAULT NULL COMMENT '호',
  `PARING_DURATION` int(11) DEFAULT NULL COMMENT '주차시간',
  `IS_BLACK_LIST` varchar(255) DEFAULT NULL COMMENT '블랙리스트 여부',
  `BLACK_LIST_REASON` varchar(255) DEFAULT NULL COMMENT '블랙리스트 사유',
  `MEMO` varchar(255) DEFAULT NULL,
  `UPDATE_DT` datetime NOT NULL DEFAULT current_timestamp() COMMENT 'ROW Update 시간',
  PRIMARY KEY (`PID`),
  UNIQUE KEY `UK_SEQ` (`IO_SEQ`),
  KEY `IN_PID_202503141525` (`IN_PID`),
  KEY `OUT_PID_202503141526` (`OUT_PID`),
  CONSTRAINT `IN_PID_202503141525` FOREIGN KEY (`IN_PID`) REFERENCES `io_parkingrows` (`PID`) ON DELETE NO ACTION ON UPDATE NO ACTION,
  CONSTRAINT `OUT_PID_202503141526` FOREIGN KEY (`OUT_PID`) REFERENCES `io_parkingrows` (`PID`) ON DELETE NO ACTION ON UPDATE NO ACTION
) ENGINE=InnoDB AUTO_INCREMENT=61 DEFAULT CHARSET=utf8mb4 COLLATE=utf8mb4_general_ci COMMENT='더함비즈 API_입출차 테이블';
/*!40101 SET character_set_client = @saved_cs_client */;

--
-- Dumping data for table `io_parkingviewtb`
--

LOCK TABLES `io_parkingviewtb` WRITE;
/*!40000 ALTER TABLE `io_parkingviewtb` DISABLE KEYS */;
INSERT INTO `io_parkingviewtb` VALUES (12,'P2177010120240613082249851','10','출차',71,'2024-06-13 05:38:07',70,'2024-06-13 05:38:07','44거1010','2','방문차량','101','1001',36,'0','','etertwet','2025-03-24 16:49:02'),(13,'P2177010120240613082249852','20','입차',73,'2024-06-13 05:38:07',NULL,NULL,'961사1613','2','정기차량','101','1002',NULL,'0','',NULL,'2025-03-24 15:47:28'),(14,'P2177010120240613082249853','20','출차',75,'2024-06-13 05:38:07',76,'2024-06-13 14:00:00','293부9170','2','예약차량','101','133',30,'0','','비고','2025-03-24 16:48:16'),(15,'P2177010120240613082249854','20','출차',77,'2024-06-13 05:38:07',78,'2024-06-13 14:00:00','852부7518','2','방문차량','101','325',30,'0','',NULL,'2025-03-24 15:52:14'),(16,'P2177010120240613082249855','20','출차',79,'2024-06-13 05:38:07',80,'2024-06-13 14:00:00','211바1456\r\n','2','방문차량','101','2323',30,'0','',NULL,'2025-03-24 15:52:35'),(17,'P2177010120240613082249856','20','출차',81,'2024-06-13 05:38:07',82,'2024-06-13 14:00:00','743누9168\r\n','2','방문차량','102','113',30,'0','',NULL,'2025-03-24 15:52:45'),(18,'P2177010120240613082249857','20','출차',83,'2024-06-13 05:38:07',84,'2024-06-13 14:00:00','413부8450\r\n','2','방문차량','103','1031',30,'0','',NULL,'2025-03-24 15:52:53'),(19,'P2177010120240613082249858','20','출차',85,'2024-06-13 05:38:07',86,'2024-06-13 14:00:00','687소1378\r\n','2','방문차량','104','1110',30,'0','',NULL,'2025-03-24 15:53:00'),(20,'P2177010120240613082249859','20','출차',87,'2024-06-13 05:38:07',88,'2024-06-13 14:00:00','749아1827\r\n','2','방문차량','101','1001',30,'0','',NULL,'2025-03-24 15:53:07'),(21,'P2177010120240613082249860','20','출차',89,'2024-06-13 05:38:07',90,'2024-06-13 14:00:00','505아6097','2','방문차량','101','1001',30,'0','',NULL,'2025-03-24 15:53:15'),(22,'P2177010120240613082249861','10','입차',91,'2024-06-13 05:38:07',NULL,NULL,'368도9823\r\n','2','방문차량','101','1001',NULL,'0','',NULL,'2025-03-24 15:53:23'),(23,'P2177010120240613082249862','10','입차',92,'2024-06-13 05:38:07',NULL,NULL,'462보2920\r\n','2','방문차량','101','1001',NULL,'0','',NULL,'2025-03-24 15:53:25'),(24,'P2177010120240613082249863','10','입차',93,'2024-06-13 05:38:07',NULL,NULL,'446보3440\r\n','2','방문차량','101','1001',NULL,'0','',NULL,'2025-03-24 15:53:28'),(25,'P2177010120240613082249864','20','출차',94,'2024-06-13 05:38:07',95,'2024-06-13 14:00:00','183다7018\r\n','2','방문차량','101','1001',30,'0','',NULL,'2025-03-24 15:53:35'),(26,'P2177010120240613082249865','20','출차',96,'2024-06-13 05:38:07',97,'2024-06-13 14:00:00','939오7349\r\n','2','방문차량','101','1001',30,'0','',NULL,'2025-03-24 15:53:56'),(27,'P2177010120240613082249866','10','입차',98,'2024-06-13 05:38:07',NULL,NULL,'716하7659\r\n','2','방문차량','101','1001',NULL,'0','',NULL,'2025-03-24 15:54:01'),(28,'P2177010120240613082249867','20','출차',99,'2024-06-13 05:38:07',100,'2024-06-13 14:00:00','440나4175\r\n','2','방문차량','101','1001',30,'0','',NULL,'2025-03-24 15:54:08'),(29,'P2177010120240613082249868','20','출차',101,'2024-06-13 05:38:07',102,'2024-06-13 14:00:00','597보6657\r\n','2','방문차량','101','1001',30,'0','',NULL,'2025-03-24 15:54:14'),(30,'P2177010120240613082249869','20','출차',103,'2024-06-13 05:38:07',104,'2024-06-13 14:00:00','101모5926\r\n','2','방문차량','101','1001',30,'0','',NULL,'2025-03-24 15:54:20'),(31,'P2177010120240613082249870','20','출차',105,'2024-06-13 05:38:07',106,'2024-06-13 14:00:00','887보8355\r\n','2','방문차량','101','1001',30,'0','',NULL,'2025-03-24 15:54:35'),(32,'P2177010120240613082249871','20','출차',107,'2024-06-13 05:38:07',108,'2024-06-13 14:00:00','537로9111\r\n','2','방문차량','101','1001',30,'0','',NULL,'2025-03-24 15:54:42'),(33,'P2177010120240613082249872','10','입차',111,'2024-06-13 05:38:07',110,'2024-06-13 14:00:00','113호2851\r\n','2','방문차량','101','1001',30,'0','',NULL,'2025-03-24 15:55:10'),(34,'P2177010120240613082249873','10','입차',112,'2024-06-13 05:38:07',NULL,NULL,'365오6950\r\n','2','방문차량','101','1001',NULL,'0','',NULL,'2025-03-24 15:55:13'),(35,'P2177010120240613082249874','20','출차',113,'2024-06-13 05:38:07',114,'2024-06-13 14:00:00','415아1957\r\n','2','방문차량','101','1001',30,'0','',NULL,'2025-03-24 15:55:18'),(36,'P2177010120240613082249875','20','출차',115,'2024-06-13 05:38:07',116,'2024-06-13 14:00:00','278도7615\r\n','2','방문차량','101','1001',30,'0','',NULL,'2025-03-24 15:55:24'),(37,'P2177010120240613082249876','20','출차',117,'2024-06-13 05:38:07',118,'2024-06-13 14:00:00','696소4495\r\n','2','방문차량','101','1001',30,'0','',NULL,'2025-03-24 15:55:31'),(38,'P2177010120240613082249877','10','입차',119,'2024-06-13 05:38:07',NULL,NULL,'855고9785\r\n','2','방문차량','101','1001',NULL,'0','',NULL,'2025-03-24 16:11:45'),(39,'P2177010120240613082249878','10','입차',120,'2024-06-13 05:38:07',NULL,NULL,'123다4292\r\n','2','방문차량','101','1001',NULL,'0','',NULL,'2025-03-24 16:12:39'),(40,'P2177010120240613082249879','10','입차',121,'2024-06-13 05:38:07',NULL,NULL,'460도1175\r\n','2','방문차량','101','1001',NULL,'0','',NULL,'2025-03-24 16:12:41'),(41,'P2177010120240613082249880','10','입차',122,'2024-06-13 05:38:07',NULL,NULL,'393다7404\r\n','2','방문차량','101','1001',NULL,'0','',NULL,'2025-03-24 16:12:44'),(42,'P2177010120240613082249881','10','입차',123,'2024-06-13 05:38:07',NULL,NULL,'865소8330\r\n','2','방문차량','101','1001',NULL,'0','',NULL,'2025-03-24 16:12:46'),(43,'P2177010120240613082249882','10','입차',124,'2024-06-13 05:38:07',NULL,NULL,'109나4018\r\n','2','방문차량','101','1001',NULL,'0','',NULL,'2025-03-24 16:12:49'),(44,'P2177010120240613082249883','20','출차',125,'2024-06-13 05:38:07',126,'2024-06-13 14:00:00','345가6954\r\n','2','방문차량','101','1001',30,'0','',NULL,'2025-03-24 16:13:13'),(45,'P2177010120240613082249884','20','출차',127,'2024-06-13 05:38:07',128,'2024-06-13 14:00:00','176누3037\r\n','2','방문차량','101','1001',30,'0','',NULL,'2025-03-24 16:13:23'),(46,'P2177010120240613082249885','10','입차',129,'2024-06-13 05:38:07',NULL,NULL,'542다6442\r\n','2','방문차량','101','1001',NULL,'0','',NULL,'2025-03-24 16:13:26'),(47,'P2177010120240613082249886','10','입차',130,'2024-06-13 05:38:07',NULL,NULL,'568로7754\r\n','2','방문차량','101','1001',NULL,'0','',NULL,'2025-03-24 16:13:28'),(48,'P2177010120240613082249887','10','입차',131,'2024-06-13 05:38:07',NULL,NULL,'132바4763\r\n','2','방문차량','101','1001',NULL,'0','',NULL,'2025-03-24 16:13:31'),(49,'P2177010120240613082249888','10','입차',132,'2024-06-13 05:38:07',NULL,NULL,'848부3167\r\n','2','방문차량','101','1001',NULL,'0','',NULL,'2025-03-24 16:13:33'),(50,'P2177010120240613082249889','10','입차',133,'2024-06-13 05:38:07',NULL,NULL,'292거2994\r\n','2','방문차량','101','1001',NULL,'0','',NULL,'2025-03-24 16:13:35'),(51,'P2177010120240613082249890','10','입차',134,'2024-06-13 05:38:07',NULL,NULL,'848호4417\r\n','2','방문차량','101','1001',NULL,'0','',NULL,'2025-03-24 16:40:05'),(52,'P2177010120240613082249891','10','입차',135,'2024-06-13 05:38:07',NULL,NULL,'427오7808\r\n','2','방문차량','101','1001',NULL,'0','',NULL,'2025-03-24 16:40:09'),(53,'P2177010120240613082249892','10','입차',136,'2024-06-13 05:38:07',NULL,NULL,'587도7788\r\n','2','방문차량','101','1001',NULL,'0','',NULL,'2025-03-24 16:40:12'),(54,'P2177010120240613082249893','20','출차',137,'2024-06-13 05:38:07',138,'2024-06-13 14:00:00','956마1010\r\n','2','방문차량','101','1001',30,'0','',NULL,'2025-03-24 16:40:20'),(55,'P2177010120240613082249894','20','출차',139,'2024-06-13 05:38:07',140,'2024-06-13 14:00:00','785사5998\r\n','2','방문차량','101','1001',30,'0','',NULL,'2025-03-24 16:40:29'),(56,'P2177010120240613082249895','20','출차',141,'2024-06-13 05:38:07',142,'2024-06-13 14:00:00','253부3727\r\n','2','방문차량','101','1001',30,'0','',NULL,'2025-03-24 16:40:38'),(57,'P2177010120240613082249896','10','입차',143,'2024-06-13 05:38:07',NULL,NULL,'583고2902\r\n','2','방문차량','101','1001',NULL,'0','',NULL,'2025-03-24 16:40:41'),(58,'P2177010120240613082249897','10','입차',144,'2024-06-13 05:38:07',NULL,NULL,'620나3445\r\n','2','방문차량','101','1001',NULL,'0','',NULL,'2025-03-24 16:40:44'),(59,'P2177010120240613082249898','10','입차',145,'2024-06-13 05:38:07',NULL,NULL,'730사1206\r\n','2','방문차량','101','1001',NULL,'0','',NULL,'2025-03-24 16:40:47'),(60,'P2177010120240613082249899','10','입차',146,'2024-06-13 05:38:07',NULL,NULL,'907호6877\r\n','2','방문차량','101','1001',NULL,'0','',NULL,'2025-03-24 16:40:50');
/*!40000 ALTER TABLE `io_parkingviewtb` ENABLE KEYS */;
UNLOCK TABLES;

--
-- Table structure for table `patrolpadlogtb`
--

DROP TABLE IF EXISTS `patrolpadlogtb`;
/*!40101 SET @saved_cs_client     = @@character_set_client */;
/*!40101 SET character_set_client = utf8mb4 */;
CREATE TABLE `patrolpadlogtb` (
  `PID` int(11) NOT NULL AUTO_INCREMENT,
  `PARK_ID` varchar(255) NOT NULL COMMENT '주차장 ID',
  `PATROL_USER_ID` int(11) NOT NULL COMMENT '순찰 담당자 ID (사용안함)',
  `PATROL_USER_NM` varchar(255) NOT NULL COMMENT '순찰 담당자 이름',
  `PATROL_START_DTM` datetime NOT NULL COMMENT '순찰 시작 일시 (사용안함)',
  `PATROL_END_DTM` datetime NOT NULL COMMENT '순찰 종료 일시 (사용안함)',
  `TOT_CNT` int(11) NOT NULL COMMENT '전체 데이터 개수 (사용안함)',
  `PATROL_DTM` datetime NOT NULL COMMENT '순찰일시',
  `PATROL_CODE` int(11) NOT NULL COMMENT '순찰 상태 코드 1: 위반(블랙리스트), 2: 정상(입주민), 3: 방문객(현장), 4:방문객(예약)',
  `PATROL_NAME` varchar(255) DEFAULT NULL COMMENT '순찰상태명',
  `CAR_NUM` varchar(255) NOT NULL COMMENT '차량번호',
  `PATROL_IMG` varchar(255) DEFAULT NULL COMMENT '순찰 이미지',
  `PATROl_REMARK` varchar(255) DEFAULT NULL COMMENT '순찰비고',
  `CREATE_DT` datetime NOT NULL DEFAULT current_timestamp() COMMENT '시스템 생성시간',
  PRIMARY KEY (`PID`) USING BTREE
) ENGINE=InnoDB AUTO_INCREMENT=13 DEFAULT CHARSET=utf8mb4 COLLATE=utf8mb4_general_ci;
/*!40101 SET character_set_client = @saved_cs_client */;

--
-- Dumping data for table `patrolpadlogtb`
--

LOCK TABLES `patrolpadlogtb` WRITE;
/*!40000 ALTER TABLE `patrolpadlogtb` DISABLE KEYS */;
INSERT INTO `patrolpadlogtb` VALUES (5,'P001',123,'홍길동','2025-03-21 09:00:00','2025-03-21 10:00:00',1,'2025-03-21 09:30:00',2,'정상(입주민)','12가3456','http://thehambizp0002.iptime.org:8000/image/2025\\\\02\\\\28\\\\102\\\\20250228100533_228오1005.jpg','','2025-03-21 15:54:35'),(6,'P001',123,'홍길동','2025-03-21 09:00:00','2025-03-21 10:00:00',2,'2025-03-21 09:30:00',2,'정상(입주민)','12가3456','http://thehambizp0002.iptime.org:8000/image/2025\\\\02\\\\28\\\\102\\\\20250228100533_228오1005.jpg','','2025-03-21 15:55:19'),(7,'P001',123,'홍길동','2025-03-21 09:00:00','2025-03-21 10:00:00',2,'2025-03-19 03:30:00',1,'위반(블랙리스트)','123가1234','http://thehambizp0002.iptime.org:8000/image/2025\\\\02\\\\28\\\\102\\\\20250228100533_228오1005.jpg','불법주차','2025-03-21 15:55:19'),(8,'P001',123,'홍길동','2025-03-21 09:00:00','2025-03-21 10:00:00',2,'2025-03-21 09:30:00',3,'방문객(현장)','12가3456','http://thehambizp0002.iptime.org:8000/image/2025\\\\02\\\\28\\\\102\\\\20250228100533_228오1005.jpg','','2025-03-21 15:58:24'),(9,'P001',123,'홍길동','2025-03-21 09:00:00','2025-03-21 10:00:00',2,'2025-03-19 03:30:00',3,'방문객(현장)','123가1234','http://thehambizp0002.iptime.org:8000/image/2025\\\\02\\\\28\\\\102\\\\20250228100533_228오1005.jpg','','2025-03-21 15:58:24'),(10,'P001',123,'홍길동','2025-03-21 09:00:00','2025-03-21 10:00:00',2,'2025-03-15 03:30:00',4,'방문객(예약)','456가2303','http://thehambizp0002.iptime.org:8000/image/2025\\\\02\\\\28\\\\102\\\\20250228100533_228오1005.jpg','','2025-03-21 15:58:24'),(11,'P001',123,'홍길동','2025-03-21 09:00:00','2025-03-21 10:00:00',2,'2025-03-13 03:30:00',1,'위반(블랙리스트)','333가2303','http://thehambizp0002.iptime.org:8000/image/2025\\\\02\\\\28\\\\102\\\\20250228100533_228오1005.jpg','타단지 차량','2025-03-21 15:58:24'),(12,'P001',123,'홍길동','2025-03-21 09:00:00','2025-03-21 10:00:00',2,'2025-03-11 03:30:00',3,'방문객(현장)','333가2303','http://thehambizp0002.iptime.org:8000/image/2025\\\\02\\\\28\\\\102\\\\20250228100533_228오1005.jpg','','2025-03-21 15:58:24');
/*!40000 ALTER TABLE `patrolpadlogtb` ENABLE KEYS */;
UNLOCK TABLES;
/*!40103 SET TIME_ZONE=@OLD_TIME_ZONE */;

/*!40101 SET SQL_MODE=@OLD_SQL_MODE */;
/*!40014 SET FOREIGN_KEY_CHECKS=@OLD_FOREIGN_KEY_CHECKS */;
/*!40014 SET UNIQUE_CHECKS=@OLD_UNIQUE_CHECKS */;
/*!40101 SET CHARACTER_SET_CLIENT=@OLD_CHARACTER_SET_CLIENT */;
/*!40101 SET CHARACTER_SET_RESULTS=@OLD_CHARACTER_SET_RESULTS */;
/*!40101 SET COLLATION_CONNECTION=@OLD_COLLATION_CONNECTION */;
/*!40111 SET SQL_NOTES=@OLD_SQL_NOTES */;

-- Dump completed on 2025-03-25 12:48:27
